<?xml version="1.0" encoding="UTF-8"?>
<!DOCTYPE hibernate-configuration PUBLIC
        "-//Hibernate/Hibernate Configuration DTD 3.0//EN"
        "http://www.hibernate.org/dtd/hibernate-configuration-3.0.dtd">
<hibernate-configuration>
<session-factory>
        <!-- Validate the database on startup -->
        <property name="hibernate.hbm2ddl.auto">validate</property>
       
         <!-- Database connection settings -->
        <property name="connection.driver_class">com.mysql.cj.jdbc.Driver</property>
        <property name="connection.url">jdbc:mysql://localhost:3306/classicmodels-fixed</property>
        <property name="connection.username">root</property>
        <property name="connection.password">Th0r@ndl0k1</property>

        <!-- MySQL DB dialect -->
        <property name="dialect">org.hibernate.dialect.MySQL5Dialect</property>
        <!-- print all executed SQL on console -->
        <property name="hibernate.show_sql" >false</property>
        <property name="hibernate.format_sql" >false</property>
  
        <!--   Mapping entity file -->
        <mapping class="hibernate.Customer"/>
        <mapping class="hibernate.Employee"/>
        <mapping class="hibernate.Payment"/>
        <mapping class="hibernate.Order"/>
        <mapping class="hibernate.OrderDetail"/>
        <mapping class="hibernate.Product"/>

        

    </session-factory>
</hibernate-configuration>